,order,RMSE,MAE,MAPE,Anomalies_detected
ARIMA,"(2, 0, 2)",721.9279330108616,583.5500268395303,54.100042923088765,1
LSTM,,735.2320811987018,611.8448900627368,60.9396890993809,0.0
