{
    "ARIMA": {
        "order": [
            2,
            0,
            2
        ],
        "RMSE": 721.9279330108616,
        "MAE": 583.5500268395303,
        "MAPE": 54.100042923088765,
        "Anomalies_detected": 1
    },
    "LSTM": {
        "RMSE": 737.9072223798717,
        "MAE": 609.8133597449101,
        "MAPE": 59.29180290700054,
        "Anomalies_detected": 0
    }
}