{
    "ARIMA_order": [
        2,
        0,
        2
    ],
    "ARIMA_RMSE": 721.9279330108616,
    "ARIMA_MAE": 583.5500268395303,
    "LSTM_RMSE": 740.0738395099517,
    "LSTM_MAE": 610.4539609227037
}