{
    "ARIMA": {
        "order": [
            2,
            0,
            2
        ],
        "RMSE": 721.9279330108616,
        "MAE": 583.5500268395303,
        "MAPE": 54.100042923088765,
        "Anomalies_detected": 1
    },
    "LSTM": {
        "RMSE": 735.2320811987018,
        "MAE": 611.8448900627368,
        "MAPE": 60.9396890993809,
        "Anomalies_detected": 0
    }
}